station,x,y
Alkmaar,52.63777924,4.739722252
Amsterdam Amstel,52.34666824,4.917778015
Amsterdam Centraal,52.37888718,4.900277615
Amsterdam Sloterdijk,52.38888931,4.837777615
Amsterdam Zuid,52.338889,4.872356
Beverwijk,52.47833252,4.656666756
Castricum,52.54583359,4.658611298
Delft,52.00666809,4.356389046
Den Haag Centraal,52.08027649,4.324999809
Dordrecht,51.80722046,4.66833353
Gouda,52.01750183,4.704444408

